Match ID,Date,Venue,Bat First,Bat Second,Innings,Over,Ball,Batter,Non Striker,Bowler,Batter Runs,Extra Runs,Runs From Ball,Ball Rebowled,Extra Type,Wicket,Method,Player Out,Innings Runs,Innings Wickets,Target Score,Runs to Get,Balls Remaining,Winner,Chased Successfully,Total Batter Runs,Total Non Striker Runs,Batter Balls Faced,Non Striker Balls Faced,Player Out Runs,Player Out Balls Faced,Bowler Runs Conceded,Valid Ball,BattingTeam,BowlingTeam,Batter_Historical_Avg,Bowler_Historical_Economy,Batter_vs_Bowler_Avg,Team_Powerplay_Performance,Match_Phase,Cumulative Runs,Cumulative Wickets,Balls Bowled,Overs Completed,Current Run Rate,Is_Chasing,Required Run Rate,Chase Differential
,,,,,1,1,1,RG Sharma,Ishan Kishan,Mohammad Nabi,1,0,1,,,0,,,1,0,,,119,,,,,,,,,,,Mumbai Indians,Sunrisers Hyderabad,0,0,0,0,0,1,0,1,0.16666666666666666,6.0,0,0,0
,,,,,1,1,2,Ishan Kishan,RG Sharma,Mohammad Nabi,6,0,6,,,0,,,7,0,,,118,,,,,,,,,,,Mumbai Indians,Sunrisers Hyderabad,0,0,0,0,0,7,0,2,0.3333333333333333,21.0,0,0,0
,,,,,1,1,3,Ishan Kishan,RG Sharma,Mohammad Nabi,0,0,0,,,0,,,7,0,,,117,,,,,,,,,,,Mumbai Indians,Sunrisers Hyderabad,0,0,0,0,0,7,0,3,0.5,14.0,0,0,0
,,,,,1,1,4,Ishan Kishan,RG Sharma,Mohammad Nabi,1,0,1,,,0,,,8,0,,,116,,,,,,,,,,,Mumbai Indians,Sunrisers Hyderabad,0,0,0,0,0,8,0,4,0.6666666666666666,12.0,0,0,0
,,,,,1,1,5,RG Sharma,Ishan Kishan,Mohammad Nabi,0,0,0,,,0,,,8,0,,,115,,,,,,,,,,,Mumbai Indians,Sunrisers Hyderabad,0,0,0,0,0,8,0,5,0.8333333333333334,9.6,0,0,0
,,,,,1,1,6,RG Sharma,Ishan Kishan,Mohammad Nabi,0,0,0,,,0,,,8,0,,,114,,,,,,,,,,,Mumbai Indians,Sunrisers Hyderabad,0,0,0,0,0,8,0,6,1.0,8.0,0,0,0
,,,,,1,2,1,Ishan Kishan,RG Sharma,S Kaul,0,0,0,,,0,,,8,0,,,113,,,,,,,,,,,Mumbai Indians,Sunrisers Hyderabad,0,0,0,0,0,8,0,7,1.1666666666666667,6.857142857142857,0,0,0
,,,,,1,2,2,Ishan Kishan,RG Sharma,S Kaul,4,0,4,,,0,,,12,0,,,112,,,,,,,,,,,Mumbai Indians,Sunrisers Hyderabad,0,0,0,0,0,12,0,8,1.3333333333333333,9.0,0,0,0
,,,,,1,2,3,Ishan Kishan,RG Sharma,S Kaul,4,0,4,,,0,,,16,0,,,111,,,,,,,,,,,Mumbai Indians,Sunrisers Hyderabad,0,0,0,0,0,16,0,9,1.5,10.666666666666666,0,0,0
,,,,,1,2,4,Ishan Kishan,RG Sharma,S Kaul,4,0,4,,,0,,,20,0,,,110,,,,,,,,,,,Mumbai Indians,Sunrisers Hyderabad,0,0,0,0,0,20,0,10,1.6666666666666667,12.0,0,0,0
,,,,,1,2,5,Ishan Kishan,RG Sharma,S Kaul,4,0,4,,,0,,,24,0,,,109,,,,,,,,,,,Mumbai Indians,Sunrisers Hyderabad,0,0,0,0,0,24,0,11,1.8333333333333333,13.090909090909092,0,0,0
,,,,,1,2,6,Ishan Kishan,RG Sharma,S Kaul,2,0,2,,,0,,,26,0,,,108,,,,,,,,,,,Mumbai Indians,Sunrisers Hyderabad,0,0,0,0,0,26,0,12,2.0,13.0,0,0,0
,,,,,1,3,1,RG Sharma,Ishan Kishan,Mohammad Nabi,4,0,4,,,0,,,30,0,,,107,,,,,,,,,,,Mumbai Indians,Sunrisers Hyderabad,0,0,0,0,0,30,0,13,2.1666666666666665,13.846153846153847,0,0,0
,,,,,1,3,2,RG Sharma,Ishan Kishan,Mohammad Nabi,1,0,1,,,0,,,31,0,,,106,,,,,,,,,,,Mumbai Indians,Sunrisers Hyderabad,0,0,0,0,0,31,0,14,2.3333333333333335,13.285714285714285,0,0,0
,,,,,1,3,3,Ishan Kishan,RG Sharma,Mohammad Nabi,4,0,4,,,0,,,35,0,,,105,,,,,,,,,,,Mumbai Indians,Sunrisers Hyderabad,0,0,0,0,0,35,0,15,2.5,14.0,0,0,0
,,,,,1,3,4,Ishan Kishan,RG Sharma,Mohammad Nabi,1,0,1,,,0,,,36,0,,,104,,,,,,,,,,,Mumbai Indians,Sunrisers Hyderabad,0,0,0,0,0,36,0,16,2.6666666666666665,13.5,0,0,0
,,,,,1,3,5,RG Sharma,Ishan Kishan,Mohammad Nabi,1,0,1,,,0,,,37,0,,,103,,,,,,,,,,,Mumbai Indians,Sunrisers Hyderabad,0,0,0,0,0,37,0,17,2.8333333333333335,13.058823529411764,0,0,0
,,,,,1,3,6,Ishan Kishan,RG Sharma,Mohammad Nabi,4,0,4,,,0,,,41,0,,,102,,,,,,,,,,,Mumbai Indians,Sunrisers Hyderabad,0,0,0,0,0,41,0,18,3.0,13.666666666666666,0,0,0
,,,,,1,4,1,RG Sharma,Ishan Kishan,JO Holder,4,0,4,,,0,,,45,0,,,101,,,,,,,,,,,Mumbai Indians,Sunrisers Hyderabad,0,0,0,0,0,45,0,19,3.1666666666666665,14.210526315789474,0,0,0
,,,,,1,4,2,RG Sharma,Ishan Kishan,JO Holder,1,0,1,,,0,,,46,0,,,100,,,,,,,,,,,Mumbai Indians,Sunrisers Hyderabad,0,0,0,0,0,46,0,20,3.3333333333333335,13.799999999999999,0,0,0
,,,,,1,4,3,Ishan Kishan,RG Sharma,JO Holder,2,0,2,,,0,,,48,0,,,99,,,,,,,,,,,Mumbai Indians,Sunrisers Hyderabad,0,0,0,0,0,48,0,21,3.5,13.714285714285714,0,0,0
,,,,,1,4,4,Ishan Kishan,RG Sharma,JO Holder,6,0,6,,,0,,,54,0,,,98,,,,,,,,,,,Mumbai Indians,Sunrisers Hyderabad,0,0,0,0,0,54,0,22,3.6666666666666665,14.727272727272728,0,0,0
,,,,,1,4,5,Ishan Kishan,RG Sharma,JO Holder,0,1,1,,,0,,,55,0,,,97,,,,,,,,,,,Mumbai Indians,Sunrisers Hyderabad,0,0,0,0,0,55,0,23,3.8333333333333335,14.347826086956522,0,0,0
,,,,,1,4,6,Ishan Kishan,RG Sharma,JO Holder,4,0,4,,,0,,,59,0,,,96,,,,,,,,,,,Mumbai Indians,Sunrisers Hyderabad,0,0,0,0,0,59,0,24,4.0,14.75,0,0,0
,,,,,1,4,7,Ishan Kishan,RG Sharma,JO Holder,4,0,4,,,0,,,63,0,,,95,,,,,,,,,,,Mumbai Indians,Sunrisers Hyderabad,0,0,0,0,0,63,0,25,4.166666666666667,15.12,0,0,0
,,,,,1,5,1,RG Sharma,Ishan Kishan,Umran Malik,0,0,0,,,0,,,63,0,,,95,,,,,,,,,,,Mumbai Indians,Sunrisers Hyderabad,0,0,0,0,0,63,0,26,4.333333333333333,14.53846153846154,0,0,0
,,,,,1,5,2,RG Sharma,Ishan Kishan,Umran Malik,4,0,4,,,0,,,67,0,,,94,,,,,,,,,,,Mumbai Indians,Sunrisers Hyderabad,0,0,0,0,0,67,0,27,4.5,14.88888888888889,0,0,0
,,,,,1,5,3,RG Sharma,Ishan Kishan,Umran Malik,1,0,1,,,0,,,68,0,,,93,,,,,,,,,,,Mumbai Indians,Sunrisers Hyderabad,0,0,0,0,0,68,0,28,4.666666666666667,14.571428571428571,0,0,0
,,,,,1,5,4,Ishan Kishan,RG Sharma,Umran Malik,4,0,4,,,0,,,72,0,,,92,,,,,,,,,,,Mumbai Indians,Sunrisers Hyderabad,0,0,0,0,0,72,0,29,4.833333333333333,14.896551724137932,0,0,0
,,,,,1,5,5,Ishan Kishan,RG Sharma,Umran Malik,2,0,2,,,0,,,74,0,,,91,,,,,,,,,,,Mumbai Indians,Sunrisers Hyderabad,0,0,0,0,0,74,0,30,5.0,14.8,0,0,0
,,,,,1,5,6,Ishan Kishan,RG Sharma,Umran Malik,4,0,4,,,0,,,78,0,,,90,,,,,,,,,,,Mumbai Indians,Sunrisers Hyderabad,0,0,0,0,0,78,0,31,5.166666666666667,15.096774193548386,0,0,0
,,,,,1,6,1,RG Sharma,Ishan Kishan,Rashid Khan,1,0,1,,,0,,,79,0,,,89,,,,,,,,,,,Mumbai Indians,Sunrisers Hyderabad,0,0,0,0,0,79,0,32,5.333333333333333,14.8125,0,0,0
,,,,,1,6,2,Ishan Kishan,RG Sharma,Rashid Khan,1,0,1,,,0,,,80,0,,,88,,,,,,,,,,,Mumbai Indians,Sunrisers Hyderabad,0,0,0,0,0,80,0,33,5.5,14.545454545454545,0,0,0
,,,,,1,6,3,RG Sharma,Ishan Kishan,Rashid Khan,0,0,0,,,1,caught,RG Sharma,80,1,,,87,,,,,,,,,,,Mumbai Indians,Sunrisers Hyderabad,0,0,0,0,0,80,1,34,5.666666666666667,14.117647058823529,0,0,0
,,,,,1,6,4,Ishan Kishan,HH Pandya,Rashid Khan,1,0,1,,,0,,,81,1,,,86,,,,,,,,,,,Mumbai Indians,Sunrisers Hyderabad,0,0,0,0,0,81,1,35,5.833333333333333,13.885714285714286,0,0,0
,,,,,1,6,5,HH Pandya,Ishan Kishan,Rashid Khan,1,0,1,,,0,,,82,1,,,85,,,,,,,,,,,Mumbai Indians,Sunrisers Hyderabad,0,0,0,0,0,82,1,36,6.0,13.666666666666666,0,0,0
,,,,,1,6,6,Ishan Kishan,HH Pandya,Rashid Khan,1,0,1,,,0,,,83,1,,,84,,,,,,,,,,,Mumbai Indians,Sunrisers Hyderabad,0,0,0,0,0,83,1,37,6.166666666666667,13.45945945945946,0,0,0
,,,,,1,7,1,Ishan Kishan,HH Pandya,Umran Malik,0,0,0,,,0,,,83,1,,,83,,,,,,,,,,,Mumbai Indians,Sunrisers Hyderabad,0,0,0,0,0,83,1,38,6.333333333333333,13.105263157894738,0,0,0
,,,,,1,7,2,Ishan Kishan,HH Pandya,Umran Malik,4,0,4,,,0,,,87,1,,,82,,,,,,,,,,,Mumbai Indians,Sunrisers Hyderabad,0,0,0,0,0,87,1,39,6.5,13.384615384615385,0,0,0
,,,,,1,7,3,Ishan Kishan,HH Pandya,Umran Malik,1,0,1,,,0,,,88,1,,,81,,,,,,,,,,,Mumbai Indians,Sunrisers Hyderabad,0,0,0,0,0,88,1,40,6.666666666666667,13.2,0,0,0
,,,,,1,7,4,HH Pandya,Ishan Kishan,Umran Malik,1,0,1,,,0,,,89,1,,,80,,,,,,,,,,,Mumbai Indians,Sunrisers Hyderabad,0,0,0,0,0,89,1,41,6.833333333333333,13.02439024390244,0,0,0
,,,,,1,7,5,Ishan Kishan,HH Pandya,Umran Malik,6,0,6,,,0,,,95,1,,,79,,,,,,,,,,,Mumbai Indians,Sunrisers Hyderabad,0,0,0,0,0,95,1,42,7.0,13.571428571428571,0,0,0
,,,,,1,7,6,Ishan Kishan,HH Pandya,Umran Malik,1,0,1,,,0,,,96,1,,,78,,,,,,,,,,,Mumbai Indians,Sunrisers Hyderabad,0,0,0,0,0,96,1,43,7.166666666666667,13.395348837209301,0,0,0
,,,,,1,8,1,Ishan Kishan,HH Pandya,Rashid Khan,6,0,6,,,0,,,102,1,,,77,,,,,,,,,,,Mumbai Indians,Sunrisers Hyderabad,0,0,0,0,0,102,1,44,7.333333333333333,13.90909090909091,0,0,0
,,,,,1,8,2,Ishan Kishan,HH Pandya,Rashid Khan,1,0,1,,,0,,,103,1,,,76,,,,,,,,,,,Mumbai Indians,Sunrisers Hyderabad,0,0,0,0,0,103,1,45,7.5,13.733333333333333,0,0,0
,,,,,1,8,3,HH Pandya,Ishan Kishan,Rashid Khan,1,0,1,,,0,,,104,1,,,75,,,,,,,,,,,Mumbai Indians,Sunrisers Hyderabad,0,0,0,0,0,104,1,46,7.666666666666667,13.565217391304348,0,0,0
,,,,,1,8,4,Ishan Kishan,HH Pandya,Rashid Khan,1,0,1,,,0,,,105,1,,,74,,,,,,,,,,,Mumbai Indians,Sunrisers Hyderabad,0,0,0,0,0,105,1,47,7.833333333333333,13.404255319148938,0,0,0
,,,,,1,8,5,HH Pandya,Ishan Kishan,Rashid Khan,6,0,6,,,0,,,111,1,,,73,,,,,,,,,,,Mumbai Indians,Sunrisers Hyderabad,0,0,0,0,0,111,1,48,8.0,13.875,0,0,0
,,,,,1,8,6,HH Pandya,Ishan Kishan,Rashid Khan,1,0,1,,,0,,,112,1,,,72,,,,,,,,,,,Mumbai Indians,Sunrisers Hyderabad,0,0,0,0,0,112,1,49,8.166666666666666,13.714285714285715,0,0,0
,,,,,1,9,1,HH Pandya,Ishan Kishan,JO Holder,0,1,1,,,0,,,113,1,,,71,,,,,,,,,,,Mumbai Indians,Sunrisers Hyderabad,0,0,0,0,0,113,1,50,8.333333333333334,13.559999999999999,0,0,0
,,,,,1,9,2,HH Pandya,Ishan Kishan,JO Holder,0,0,0,,,0,,,113,1,,,70,,,,,,,,,,,Mumbai Indians,Sunrisers Hyderabad,0,0,0,0,0,113,1,51,8.5,13.294117647058824,0,0,0
,,,,,1,9,3,HH Pandya,Ishan Kishan,JO Holder,0,0,0,,,0,,,113,1,,,69,,,,,,,,,,,Mumbai Indians,Sunrisers Hyderabad,0,0,0,0,0,113,1,52,8.666666666666666,13.03846153846154,0,0,0
,,,,,1,9,4,HH Pandya,Ishan Kishan,JO Holder,0,0,0,,,1,caught,HH Pandya,113,2,,,68,,,,,,,,,,,Mumbai Indians,Sunrisers Hyderabad,0,0,0,0,0,113,2,53,8.833333333333334,12.792452830188678,0,0,0
,,,,,1,9,5,KA Pollard,Ishan Kishan,JO Holder,0,5,5,,,0,,,118,2,,,67,,,,,,,,,,,Mumbai Indians,Sunrisers Hyderabad,0,0,0,0,0,118,2,54,9.0,13.11111111111111,0,0,0
,,,,,1,9,6,KA Pollard,Ishan Kishan,JO Holder,4,0,4,,,0,,,122,2,,,66,,,,,,,,,,,Mumbai Indians,Sunrisers Hyderabad,0,0,0,0,0,122,2,55,9.166666666666666,13.30909090909091,0,0,0
,,,,,1,9,7,KA Pollard,Ishan Kishan,JO Holder,1,0,1,,,0,,,123,2,,,65,,,,,,,,,,,Mumbai Indians,Sunrisers Hyderabad,0,0,0,0,0,123,2,56,9.333333333333334,13.178571428571427,0,0,0
,,,,,1,9,8,Ishan Kishan,KA Pollard,JO Holder,1,0,1,,,0,,,124,2,,,64,,,,,,,,,,,Mumbai Indians,Sunrisers Hyderabad,0,0,0,0,0,124,2,57,9.5,13.052631578947368,0,0,0
,,,,,1,10,1,Ishan Kishan,KA Pollard,Umran Malik,0,0,0,,,1,caught,Ishan Kishan,124,3,,,65,,,,,,,,,,,Mumbai Indians,Sunrisers Hyderabad,0,0,0,0,0,124,3,58,9.666666666666666,12.827586206896553,0,0,0
,,,,,1,10,2,SA Yadav,KA Pollard,Umran Malik,4,0,4,,,0,,,128,3,,,64,,,,,,,,,,,Mumbai Indians,Sunrisers Hyderabad,0,0,0,0,0,128,3,59,9.833333333333334,13.016949152542372,0,0,0
,,,,,1,10,3,SA Yadav,KA Pollard,Umran Malik,0,0,0,,,0,,,128,3,,,63,,,,,,,,,,,Mumbai Indians,Sunrisers Hyderabad,0,0,0,0,0,128,3,60,10.0,12.8,0,0,0
,,,,,1,10,4,SA Yadav,KA Pollard,Umran Malik,1,0,1,,,0,,,129,3,,,62,,,,,,,,,,,Mumbai Indians,Sunrisers Hyderabad,0,0,0,0,0,129,3,61,10.166666666666666,12.688524590163935,0,0,0
,,,,,1,10,5,KA Pollard,SA Yadav,Umran Malik,1,0,1,,,0,,,130,3,,,61,,,,,,,,,,,Mumbai Indians,Sunrisers Hyderabad,0,0,0,0,0,130,3,62,10.333333333333334,12.580645161290322,0,0,0
,,,,,1,10,6,SA Yadav,KA Pollard,Umran Malik,1,0,1,,,0,,,131,3,,,60,,,,,,,,,,,Mumbai Indians,Sunrisers Hyderabad,0,0,0,0,0,131,3,63,10.5,12.476190476190476,0,0,0
,,,,,1,11,1,SA Yadav,KA Pollard,S Kaul,1,0,1,,,0,,,132,3,,,59,,,,,,,,,,,Mumbai Indians,Sunrisers Hyderabad,0,0,0,0,0,132,3,64,10.666666666666666,12.375,0,0,0
,,,,,1,11,2,KA Pollard,SA Yadav,S Kaul,0,0,0,,,0,,,132,3,,,58,,,,,,,,,,,Mumbai Indians,Sunrisers Hyderabad,0,0,0,0,0,132,3,65,10.833333333333334,12.184615384615384,0,0,0
,,,,,1,11,3,KA Pollard,SA Yadav,S Kaul,1,0,1,,,0,,,133,3,,,57,,,,,,,,,,,Mumbai Indians,Sunrisers Hyderabad,0,0,0,0,0,133,3,66,11.0,12.090909090909092,0,0,0
,,,,,1,11,4,SA Yadav,KA Pollard,S Kaul,4,0,4,,,0,,,137,3,,,56,,,,,,,,,,,Mumbai Indians,Sunrisers Hyderabad,0,0,0,0,0,137,3,67,11.166666666666666,12.268656716417912,0,0,0
,,,,,1,11,5,SA Yadav,KA Pollard,S Kaul,1,0,1,,,0,,,138,3,,,55,,,,,,,,,,,Mumbai Indians,Sunrisers Hyderabad,0,0,0,0,0,138,3,68,11.333333333333334,12.176470588235293,0,0,0
,,,,,1,11,6,KA Pollard,SA Yadav,S Kaul,1,0,1,,,0,,,139,3,,,54,,,,,,,,,,,Mumbai Indians,Sunrisers Hyderabad,0,0,0,0,0,139,3,69,11.5,12.08695652173913,0,0,0
,,,,,1,12,1,KA Pollard,SA Yadav,Rashid Khan,0,0,0,,,0,,,139,3,,,53,,,,,,,,,,,Mumbai Indians,Sunrisers Hyderabad,0,0,0,0,0,139,3,70,11.666666666666666,11.914285714285715,0,0,0
,,,,,1,12,2,KA Pollard,SA Yadav,Rashid Khan,1,0,1,,,0,,,140,3,,,52,,,,,,,,,,,Mumbai Indians,Sunrisers Hyderabad,0,0,0,0,0,140,3,71,11.833333333333334,11.830985915492958,0,0,0
,,,,,1,12,3,SA Yadav,KA Pollard,Rashid Khan,0,1,1,,,0,,,141,3,,,51,,,,,,,,,,,Mumbai Indians,Sunrisers Hyderabad,0,0,0,0,0,141,3,72,12.0,11.75,0,0,0
,,,,,1,12,4,KA Pollard,SA Yadav,Rashid Khan,1,0,1,,,0,,,142,3,,,50,,,,,,,,,,,Mumbai Indians,Sunrisers Hyderabad,0,0,0,0,0,142,3,73,12.166666666666666,11.67123287671233,0,0,0
,,,,,1,12,5,SA Yadav,KA Pollard,Rashid Khan,4,0,4,,,0,,,146,3,,,49,,,,,,,,,,,Mumbai Indians,Sunrisers Hyderabad,0,0,0,0,0,146,3,74,12.333333333333334,11.837837837837837,0,0,0
,,,,,1,12,6,SA Yadav,KA Pollard,Rashid Khan,0,0,0,,,0,,,146,3,,,48,,,,,,,,,,,Mumbai Indians,Sunrisers Hyderabad,0,0,0,0,0,146,3,75,12.5,11.68,0,0,0
,,,,,1,13,1,KA Pollard,SA Yadav,Abhishek Sharma,2,0,2,,,0,,,148,3,,,47,,,,,,,,,,,Mumbai Indians,Sunrisers Hyderabad,0,0,0,0,0,148,3,76,12.666666666666666,11.68421052631579,0,0,0
,,,,,1,13,2,KA Pollard,SA Yadav,Abhishek Sharma,1,0,1,,,0,,,149,3,,,46,,,,,,,,,,,Mumbai Indians,Sunrisers Hyderabad,0,0,0,0,0,149,3,77,12.833333333333334,11.61038961038961,0,0,0
,,,,,1,13,3,SA Yadav,KA Pollard,Abhishek Sharma,0,0,0,,,0,,,149,3,,,45,,,,,,,,,,,Mumbai Indians,Sunrisers Hyderabad,0,0,0,0,0,149,3,78,13.0,11.461538461538462,0,0,0
,,,,,1,13,4,SA Yadav,KA Pollard,Abhishek Sharma,0,1,1,,,0,,,150,3,,,44,,,,,,,,,,,Mumbai Indians,Sunrisers Hyderabad,0,0,0,0,0,150,3,79,13.166666666666666,11.39240506329114,0,0,0
,,,,,1,13,5,KA Pollard,SA Yadav,Abhishek Sharma,0,1,1,,,0,,,151,3,,,43,,,,,,,,,,,Mumbai Indians,Sunrisers Hyderabad,0,0,0,0,0,151,3,80,13.333333333333334,11.325,0,0,0
,,,,,1,13,6,KA Pollard,SA Yadav,Abhishek Sharma,0,0,0,,,1,caught,KA Pollard,151,4,,,42,,,,,,,,,,,Mumbai Indians,Sunrisers Hyderabad,0,0,0,0,0,151,4,81,13.5,11.185185185185185,0,0,0
,,,,,1,13,7,JDS Neesham,SA Yadav,Abhishek Sharma,0,0,0,,,1,caught,JDS Neesham,151,5,,,41,,,,,,,,,,,Mumbai Indians,Sunrisers Hyderabad,0,0,0,0,0,151,5,82,13.666666666666666,11.048780487804878,0,0,0
,,,,,1,14,1,SA Yadav,KH Pandya,S Kaul,4,0,4,,,0,,,155,5,,,41,,,,,,,,,,,Mumbai Indians,Sunrisers Hyderabad,0,0,0,0,0,155,5,83,13.833333333333334,11.204819277108433,0,0,0
,,,,,1,14,2,SA Yadav,KH Pandya,S Kaul,6,0,6,,,0,,,161,5,,,40,,,,,,,,,,,Mumbai Indians,Sunrisers Hyderabad,0,0,0,0,0,161,5,84,14.0,11.5,0,0,0
,,,,,1,14,3,SA Yadav,KH Pandya,S Kaul,1,0,1,,,0,,,162,5,,,39,,,,,,,,,,,Mumbai Indians,Sunrisers Hyderabad,0,0,0,0,0,162,5,85,14.166666666666666,11.435294117647059,0,0,0
,,,,,1,14,4,KH Pandya,SA Yadav,S Kaul,0,0,0,,,0,,,162,5,,,38,,,,,,,,,,,Mumbai Indians,Sunrisers Hyderabad,0,0,0,0,0,162,5,86,14.333333333333334,11.302325581395348,0,0,0
,,,,,1,14,5,KH Pandya,SA Yadav,S Kaul,4,0,4,,,0,,,166,5,,,37,,,,,,,,,,,Mumbai Indians,Sunrisers Hyderabad,0,0,0,0,0,166,5,87,14.5,11.448275862068966,0,0,0
,,,,,1,14,6,KH Pandya,SA Yadav,S Kaul,1,0,1,,,0,,,167,5,,,36,,,,,,,,,,,Mumbai Indians,Sunrisers Hyderabad,0,0,0,0,0,167,5,88,14.666666666666666,11.386363636363637,0,0,0
,,,,,1,15,1,KH Pandya,SA Yadav,Mohammad Nabi,2,0,2,,,0,,,169,5,,,35,,,,,,,,,,,Mumbai Indians,Sunrisers Hyderabad,0,0,0,0,0,169,5,89,14.833333333333334,11.393258426966291,0,0,0
,,,,,1,15,2,KH Pandya,SA Yadav,Mohammad Nabi,1,0,1,,,0,,,170,5,,,34,,,,,,,,,,,Mumbai Indians,Sunrisers Hyderabad,0,0,0,0,0,170,5,90,15.0,11.333333333333334,0,0,0
,,,,,1,15,3,SA Yadav,KH Pandya,Mohammad Nabi,1,0,1,,,0,,,171,5,,,33,,,,,,,,,,,Mumbai Indians,Sunrisers Hyderabad,0,0,0,0,0,171,5,91,15.166666666666666,11.274725274725276,0,0,0
,,,,,1,15,4,KH Pandya,SA Yadav,Mohammad Nabi,1,0,1,,,0,,,172,5,,,32,,,,,,,,,,,Mumbai Indians,Sunrisers Hyderabad,0,0,0,0,0,172,5,92,15.333333333333334,11.217391304347826,0,0,0
,,,,,1,15,5,SA Yadav,KH Pandya,Mohammad Nabi,4,0,4,,,0,,,176,5,,,31,,,,,,,,,,,Mumbai Indians,Sunrisers Hyderabad,0,0,0,0,0,176,5,93,15.5,11.35483870967742,0,0,0
,,,,,1,15,6,SA Yadav,KH Pandya,Mohammad Nabi,1,0,1,,,0,,,177,5,,,30,,,,,,,,,,,Mumbai Indians,Sunrisers Hyderabad,0,0,0,0,0,177,5,94,15.666666666666666,11.297872340425533,0,0,0
,,,,,1,16,1,SA Yadav,KH Pandya,Rashid Khan,6,0,6,,,0,,,183,5,,,29,,,,,,,,,,,Mumbai Indians,Sunrisers Hyderabad,0,0,0,0,0,183,5,95,15.833333333333334,11.557894736842105,0,0,0
,,,,,1,16,2,SA Yadav,KH Pandya,Rashid Khan,1,0,1,,,0,,,184,5,,,28,,,,,,,,,,,Mumbai Indians,Sunrisers Hyderabad,0,0,0,0,0,184,5,96,16.0,11.5,0,0,0
,,,,,1,16,3,KH Pandya,SA Yadav,Rashid Khan,0,0,0,,,1,caught,KH Pandya,184,6,,,27,,,,,,,,,,,Mumbai Indians,Sunrisers Hyderabad,0,0,0,0,0,184,6,97,16.166666666666668,11.38144329896907,0,0,0
,,,,,1,16,4,NM Coulter-Nile,SA Yadav,Rashid Khan,1,0,1,,,0,,,185,6,,,26,,,,,,,,,,,Mumbai Indians,Sunrisers Hyderabad,0,0,0,0,0,185,6,98,16.333333333333332,11.326530612244898,0,0,0
,,,,,1,16,5,SA Yadav,NM Coulter-Nile,Rashid Khan,4,0,4,,,0,,,189,6,,,25,,,,,,,,,,,Mumbai Indians,Sunrisers Hyderabad,0,0,0,0,0,189,6,99,16.5,11.454545454545455,0,0,0
,,,,,1,16,6,SA Yadav,NM Coulter-Nile,Rashid Khan,1,0,1,,,0,,,190,6,,,24,,,,,,,,,,,Mumbai Indians,Sunrisers Hyderabad,0,0,0,0,0,190,6,100,16.666666666666668,11.399999999999999,0,0,0
,,,,,1,17,1,SA Yadav,NM Coulter-Nile,S Kaul,2,0,2,,,0,,,192,6,,,23,,,,,,,,,,,Mumbai Indians,Sunrisers Hyderabad,0,0,0,0,0,192,6,101,16.833333333333332,11.405940594059407,0,0,0
,,,,,1,17,2,SA Yadav,NM Coulter-Nile,S Kaul,4,0,4,,,0,,,196,6,,,22,,,,,,,,,,,Mumbai Indians,Sunrisers Hyderabad,0,0,0,0,0,196,6,102,17.0,11.529411764705882,0,0,0
,,,,,1,17,3,SA Yadav,NM Coulter-Nile,S Kaul,0,0,0,,,0,,,196,6,,,21,,,,,,,,,,,Mumbai Indians,Sunrisers Hyderabad,0,0,0,0,0,196,6,103,17.166666666666668,11.417475728155338,0,0,0
,,,,,1,17,4,SA Yadav,NM Coulter-Nile,S Kaul,4,0,4,,,0,,,200,6,,,20,,,,,,,,,,,Mumbai Indians,Sunrisers Hyderabad,0,0,0,0,0,200,6,104,17.333333333333332,11.53846153846154,0,0,0
,,,,,1,17,5,SA Yadav,NM Coulter-Nile,S Kaul,0,0,0,,,0,,,200,6,,,19,,,,,,,,,,,Mumbai Indians,Sunrisers Hyderabad,0,0,0,0,0,200,6,105,17.5,11.428571428571429,0,0,0
,,,,,1,17,6,SA Yadav,NM Coulter-Nile,S Kaul,4,0,4,,,0,,,204,6,,,18,,,,,,,,,,,Mumbai Indians,Sunrisers Hyderabad,0,0,0,0,0,204,6,106,17.666666666666668,11.547169811320755,0,0,0
,,,,,1,18,1,NM Coulter-Nile,SA Yadav,JO Holder,2,0,2,,,0,,,206,6,,,17,,,,,,,,,,,Mumbai Indians,Sunrisers Hyderabad,0,0,0,0,0,206,6,107,17.833333333333332,11.551401869158878,0,0,0
,,,,,1,18,2,NM Coulter-Nile,SA Yadav,JO Holder,0,0,0,,,1,caught,NM Coulter-Nile,206,7,,,16,,,,,,,,,,,Mumbai Indians,Sunrisers Hyderabad,0,0,0,0,0,206,7,108,18.0,11.444444444444445,0,0,0
,,,,,1,18,3,SA Yadav,PP Chawla,JO Holder,4,0,4,,,0,,,210,7,,,15,,,,,,,,,,,Mumbai Indians,Sunrisers Hyderabad,0,0,0,0,0,210,7,109,18.166666666666668,11.559633027522935,0,0,0
,,,,,1,18,4,SA Yadav,PP Chawla,JO Holder,6,0,6,,,0,,,216,7,,,14,,,,,,,,,,,Mumbai Indians,Sunrisers Hyderabad,0,0,0,0,0,216,7,110,18.333333333333332,11.781818181818183,0,0,0
,,,,,1,18,5,SA Yadav,PP Chawla,JO Holder,1,0,1,,,0,,,217,7,,,13,,,,,,,,,,,Mumbai Indians,Sunrisers Hyderabad,0,0,0,0,0,217,7,111,18.5,11.72972972972973,0,0,0
,,,,,1,18,6,PP Chawla,SA Yadav,JO Holder,0,0,0,,,0,,,217,7,,,12,,,,,,,,,,,Mumbai Indians,Sunrisers Hyderabad,0,0,0,0,0,217,7,112,18.666666666666668,11.625,0,0,0
,,,,,1,19,1,SA Yadav,PP Chawla,Umran Malik,0,1,1,,,0,,,218,7,,,11,,,,,,,,,,,Mumbai Indians,Sunrisers Hyderabad,0,0,0,0,0,218,7,113,18.833333333333332,11.575221238938054,0,0,0
,,,,,1,19,2,SA Yadav,PP Chawla,Umran Malik,0,0,0,,,0,,,218,7,,,10,,,,,,,,,,,Mumbai Indians,Sunrisers Hyderabad,0,0,0,0,0,218,7,114,19.0,11.473684210526315,0,0,0
,,,,,1,19,3,SA Yadav,PP Chawla,Umran Malik,4,0,4,,,0,,,222,7,,,9,,,,,,,,,,,Mumbai Indians,Sunrisers Hyderabad,0,0,0,0,0,222,7,115,19.166666666666668,11.582608695652173,0,0,0
,,,,,1,19,4,SA Yadav,PP Chawla,Umran Malik,4,0,4,,,0,,,226,7,,,8,,,,,,,,,,,Mumbai Indians,Sunrisers Hyderabad,0,0,0,0,0,226,7,116,19.333333333333332,11.689655172413794,0,0,0
,,,,,1,19,5,SA Yadav,PP Chawla,Umran Malik,4,0,4,,,0,,,230,7,,,7,,,,,,,,,,,Mumbai Indians,Sunrisers Hyderabad,0,0,0,0,0,230,7,117,19.5,11.794871794871796,0,0,0
,,,,,1,19,6,SA Yadav,PP Chawla,Umran Malik,0,0,0,,,0,,,230,7,,,6,,,,,,,,,,,Mumbai Indians,Sunrisers Hyderabad,0,0,0,0,0,230,7,118,19.666666666666668,11.694915254237287,0,0,0
,,,,,1,19,7,SA Yadav,PP Chawla,Umran Malik,0,0,0,,,0,,,230,7,,,5,,,,,,,,,,,Mumbai Indians,Sunrisers Hyderabad,0,0,0,0,0,230,7,119,19.833333333333332,11.596638655462186,0,0,0
,,,,,1,20,1,PP Chawla,SA Yadav,JO Holder,0,0,0,,,1,caught,PP Chawla,230,8,,,5,,,,,,,,,,,Mumbai Indians,Sunrisers Hyderabad,0,0,0,0,0,230,8,120,20.0,11.5,0,0,0
,,,,,1,20,2,SA Yadav,JJ Bumrah,JO Holder,0,0,0,,,0,,,230,8,,,4,,,,,,,,,,,Mumbai Indians,Sunrisers Hyderabad,0,0,0,0,0,230,8,121,20.166666666666668,11.40495867768595,0,0,0
,,,,,1,20,3,SA Yadav,JJ Bumrah,JO Holder,0,0,0,,,0,,,230,8,,,3,,,,,,,,,,,Mumbai Indians,Sunrisers Hyderabad,0,0,0,0,0,230,8,122,20.333333333333332,11.311475409836067,0,0,0
,,,,,1,20,4,SA Yadav,JJ Bumrah,JO Holder,0,0,0,,,1,caught,SA Yadav,230,9,,,2,,,,,,,,,,,Mumbai Indians,Sunrisers Hyderabad,0,0,0,0,0,230,9,123,20.5,11.21951219512195,0,0,0
,,,,,1,20,5,JJ Bumrah,TA Boult,JO Holder,4,0,4,,,0,,,234,9,,,1,,,,,,,,,,,Mumbai Indians,Sunrisers Hyderabad,0,0,0,0,0,234,9,124,20.666666666666668,11.32258064516129,0,0,0
,,,,,1,20,6,JJ Bumrah,TA Boult,JO Holder,1,0,1,,,0,,,235,9,,,0,,,,,,,,,,,Mumbai Indians,Sunrisers Hyderabad,0,0,0,0,0,235,9,125,20.833333333333332,11.280000000000001,0,0,0
,,,,,2,1,1,JJ Roy,Abhishek Sharma,TA Boult,0,0,0,,,0,,,0,0,,,119,,,,,,,,,,,Sunrisers Hyderabad,Mumbai Indians,0,0,0,0,0,235,9,126,21.0,11.19047619047619,0,0,0
,,,,,2,1,2,JJ Roy,Abhishek Sharma,TA Boult,0,0,0,,,0,,,0,0,,,118,,,,,,,,,,,Sunrisers Hyderabad,Mumbai Indians,0,0,0,0,0,235,9,127,21.166666666666668,11.10236220472441,0,0,0
,,,,,2,1,3,JJ Roy,Abhishek Sharma,TA Boult,2,0,2,,,0,,,2,0,,,117,,,,,,,,,,,Sunrisers Hyderabad,Mumbai Indians,0,0,0,0,0,237,9,128,21.333333333333332,11.109375,0,0,0
,,,,,2,1,4,JJ Roy,Abhishek Sharma,TA Boult,1,0,1,,,0,,,3,0,,,116,,,,,,,,,,,Sunrisers Hyderabad,Mumbai Indians,0,0,0,0,0,238,9,129,21.5,11.069767441860465,0,0,0
,,,,,2,1,5,Abhishek Sharma,JJ Roy,TA Boult,0,0,0,,,0,,,3,0,,,115,,,,,,,,,,,Sunrisers Hyderabad,Mumbai Indians,0,0,0,0,0,238,9,130,21.666666666666668,10.984615384615385,0,0,0
,,,,,2,1,6,Abhishek Sharma,JJ Roy,TA Boult,2,0,2,,,0,,,5,0,,,114,,,,,,,,,,,Sunrisers Hyderabad,Mumbai Indians,0,0,0,0,0,240,9,131,21.833333333333332,10.992366412213741,0,0,0
,,,,,2,2,1,JJ Roy,Abhishek Sharma,JJ Bumrah,1,0,1,,,0,,,6,0,,,113,,,,,,,,,,,Sunrisers Hyderabad,Mumbai Indians,0,0,0,0,0,241,9,132,22.0,10.954545454545455,0,0,0
,,,,,2,2,2,Abhishek Sharma,JJ Roy,JJ Bumrah,1,0,1,,,0,,,7,0,,,112,,,,,,,,,,,Sunrisers Hyderabad,Mumbai Indians,0,0,0,0,0,242,9,133,22.166666666666668,10.917293233082706,0,0,0
,,,,,2,2,3,JJ Roy,Abhishek Sharma,JJ Bumrah,4,0,4,,,0,,,11,0,,,111,,,,,,,,,,,Sunrisers Hyderabad,Mumbai Indians,0,0,0,0,0,246,9,134,22.333333333333332,11.014925373134329,0,0,0
,,,,,2,2,4,JJ Roy,Abhishek Sharma,JJ Bumrah,0,0,0,,,0,,,11,0,,,110,,,,,,,,,,,Sunrisers Hyderabad,Mumbai Indians,0,0,0,0,0,246,9,135,22.5,10.933333333333334,0,0,0
,,,,,2,2,5,JJ Roy,Abhishek Sharma,JJ Bumrah,4,0,4,,,0,,,15,0,,,109,,,,,,,,,,,Sunrisers Hyderabad,Mumbai Indians,0,0,0,0,0,250,9,136,22.666666666666668,11.029411764705882,0,0,0
,,,,,2,2,6,JJ Roy,Abhishek Sharma,JJ Bumrah,0,0,0,,,0,,,15,0,,,108,,,,,,,,,,,Sunrisers Hyderabad,Mumbai Indians,0,0,0,0,0,250,9,137,22.833333333333332,10.948905109489052,0,0,0
,,,,,2,3,1,Abhishek Sharma,JJ Roy,PP Chawla,1,0,1,,,0,,,16,0,,,107,,,,,,,,,,,Sunrisers Hyderabad,Mumbai Indians,0,0,0,0,0,251,9,138,23.0,10.91304347826087,0,0,0
,,,,,2,3,2,JJ Roy,Abhishek Sharma,PP Chawla,4,0,4,,,0,,,20,0,,,106,,,,,,,,,,,Sunrisers Hyderabad,Mumbai Indians,0,0,0,0,0,255,9,139,23.166666666666668,11.007194244604316,0,0,0
,,,,,2,3,3,JJ Roy,Abhishek Sharma,PP Chawla,4,0,4,,,0,,,24,0,,,105,,,,,,,,,,,Sunrisers Hyderabad,Mumbai Indians,0,0,0,0,0,259,9,140,23.333333333333332,11.100000000000001,0,0,0
,,,,,2,3,4,JJ Roy,Abhishek Sharma,PP Chawla,0,0,0,,,0,,,24,0,,,104,,,,,,,,,,,Sunrisers Hyderabad,Mumbai Indians,0,0,0,0,0,259,9,141,23.5,11.02127659574468,0,0,0
,,,,,2,3,5,JJ Roy,Abhishek Sharma,PP Chawla,1,0,1,,,0,,,25,0,,,103,,,,,,,,,,,Sunrisers Hyderabad,Mumbai Indians,0,0,0,0,0,260,9,142,23.666666666666668,10.985915492957746,0,0,0
,,,,,2,3,6,Abhishek Sharma,JJ Roy,PP Chawla,6,0,6,,,0,,,31,0,,,102,,,,,,,,,,,Sunrisers Hyderabad,Mumbai Indians,0,0,0,0,0,266,9,143,23.833333333333332,11.160839160839162,0,0,0
,,,,,2,4,1,JJ Roy,Abhishek Sharma,JJ Bumrah,3,0,3,,,0,,,34,0,,,101,,,,,,,,,,,Sunrisers Hyderabad,Mumbai Indians,0,0,0,0,0,269,9,144,24.0,11.208333333333334,0,0,0
,,,,,2,4,2,Abhishek Sharma,JJ Roy,JJ Bumrah,1,0,1,,,0,,,35,0,,,100,,,,,,,,,,,Sunrisers Hyderabad,Mumbai Indians,0,0,0,0,0,270,9,145,24.166666666666668,11.172413793103448,0,0,0
,,,,,2,4,3,JJ Roy,Abhishek Sharma,JJ Bumrah,0,0,0,,,0,,,35,0,,,99,,,,,,,,,,,Sunrisers Hyderabad,Mumbai Indians,0,0,0,0,0,270,9,146,24.333333333333332,11.095890410958905,0,0,0
,,,,,2,4,4,JJ Roy,Abhishek Sharma,JJ Bumrah,0,5,5,,,0,,,40,0,,,98,,,,,,,,,,,Sunrisers Hyderabad,Mumbai Indians,0,0,0,0,0,275,9,147,24.5,11.224489795918368,0,0,0
,,,,,2,4,5,JJ Roy,Abhishek Sharma,JJ Bumrah,4,0,4,,,0,,,44,0,,,97,,,,,,,,,,,Sunrisers Hyderabad,Mumbai Indians,0,0,0,0,0,279,9,148,24.666666666666668,11.31081081081081,0,0,0
,,,,,2,4,6,JJ Roy,Abhishek Sharma,JJ Bumrah,1,0,1,,,0,,,45,0,,,96,,,,,,,,,,,Sunrisers Hyderabad,Mumbai Indians,0,0,0,0,0,280,9,149,24.833333333333332,11.275167785234899,0,0,0
,,,,,2,4,7,Abhishek Sharma,JJ Roy,JJ Bumrah,2,0,2,,,0,,,47,0,,,95,,,,,,,,,,,Sunrisers Hyderabad,Mumbai Indians,0,0,0,0,0,282,9,150,25.0,11.28,0,0,0
,,,,,2,5,1,JJ Roy,Abhishek Sharma,NM Coulter-Nile,0,0,0,,,0,,,47,0,,,95,,,,,,,,,,,Sunrisers Hyderabad,Mumbai Indians,0,0,0,0,0,282,9,151,25.166666666666668,11.205298013245033,0,0,0
,,,,,2,5,2,JJ Roy,Abhishek Sharma,NM Coulter-Nile,1,0,1,,,0,,,48,0,,,94,,,,,,,,,,,Sunrisers Hyderabad,Mumbai Indians,0,0,0,0,0,283,9,152,25.333333333333332,11.171052631578949,0,0,0
,,,,,2,5,3,Abhishek Sharma,JJ Roy,NM Coulter-Nile,4,0,4,,,0,,,52,0,,,93,,,,,,,,,,,Sunrisers Hyderabad,Mumbai Indians,0,0,0,0,0,287,9,153,25.5,11.254901960784315,0,0,0
,,,,,2,5,4,Abhishek Sharma,JJ Roy,NM Coulter-Nile,4,0,4,,,0,,,56,0,,,92,,,,,,,,,,,Sunrisers Hyderabad,Mumbai Indians,0,0,0,0,0,291,9,154,25.666666666666668,11.337662337662337,0,0,0
,,,,,2,5,5,Abhishek Sharma,JJ Roy,NM Coulter-Nile,4,0,4,,,0,,,60,0,,,91,,,,,,,,,,,Sunrisers Hyderabad,Mumbai Indians,0,0,0,0,0,295,9,155,25.833333333333332,11.419354838709678,0,0,0
,,,,,2,5,6,Abhishek Sharma,JJ Roy,NM Coulter-Nile,0,0,0,,,0,,,60,0,,,90,,,,,,,,,,,Sunrisers Hyderabad,Mumbai Indians,0,0,0,0,0,295,9,156,26.0,11.346153846153847,0,0,0
,,,,,2,6,1,JJ Roy,Abhishek Sharma,TA Boult,4,0,4,,,0,,,64,0,,,89,,,,,,,,,,,Sunrisers Hyderabad,Mumbai Indians,0,0,0,0,0,299,9,157,26.166666666666668,11.426751592356688,0,0,0
,,,,,2,6,2,JJ Roy,Abhishek Sharma,TA Boult,0,0,0,,,1,caught,JJ Roy,64,1,,,88,,,,,,,,,,,Sunrisers Hyderabad,Mumbai Indians,0,0,0,0,0,299,10,158,26.333333333333332,11.354430379746836,0,0,0
,,,,,2,6,3,Abhishek Sharma,MK Pandey,TA Boult,1,0,1,,,0,,,65,1,,,87,,,,,,,,,,,Sunrisers Hyderabad,Mumbai Indians,0,0,0,0,0,300,10,159,26.5,11.320754716981131,0,0,0
,,,,,2,6,4,MK Pandey,Abhishek Sharma,TA Boult,0,0,0,,,0,,,65,1,,,86,,,,,,,,,,,Sunrisers Hyderabad,Mumbai Indians,0,0,0,0,0,300,10,160,26.666666666666668,11.25,0,0,0
,,,,,2,6,5,MK Pandey,Abhishek Sharma,TA Boult,1,0,1,,,0,,,66,1,,,85,,,,,,,,,,,Sunrisers Hyderabad,Mumbai Indians,0,0,0,0,0,301,10,161,26.833333333333332,11.217391304347826,0,0,0
,,,,,2,6,6,Abhishek Sharma,MK Pandey,TA Boult,4,0,4,,,0,,,70,1,,,84,,,,,,,,,,,Sunrisers Hyderabad,Mumbai Indians,0,0,0,0,0,305,10,162,27.0,11.296296296296296,0,0,0
,,,,,2,7,1,MK Pandey,Abhishek Sharma,JDS Neesham,0,1,1,,,0,,,71,1,,,83,,,,,,,,,,,Sunrisers Hyderabad,Mumbai Indians,0,0,0,0,0,306,10,163,27.166666666666668,11.263803680981594,0,0,0
,,,,,2,7,2,Abhishek Sharma,MK Pandey,JDS Neesham,1,0,1,,,0,,,72,1,,,82,,,,,,,,,,,Sunrisers Hyderabad,Mumbai Indians,0,0,0,0,0,307,10,164,27.333333333333332,11.231707317073171,0,0,0
,,,,,2,7,3,MK Pandey,Abhishek Sharma,JDS Neesham,4,0,4,,,0,,,76,1,,,81,,,,,,,,,,,Sunrisers Hyderabad,Mumbai Indians,0,0,0,0,0,311,10,165,27.5,11.309090909090909,0,0,0
,,,,,2,7,4,MK Pandey,Abhishek Sharma,JDS Neesham,1,0,1,,,0,,,77,1,,,80,,,,,,,,,,,Sunrisers Hyderabad,Mumbai Indians,0,0,0,0,0,312,10,166,27.666666666666668,11.27710843373494,0,0,0
,,,,,2,7,5,Abhishek Sharma,MK Pandey,JDS Neesham,2,0,2,,,0,,,79,1,,,79,,,,,,,,,,,Sunrisers Hyderabad,Mumbai Indians,0,0,0,0,0,314,10,167,27.833333333333332,11.281437125748504,0,0,0
,,,,,2,7,6,Abhishek Sharma,MK Pandey,JDS Neesham,0,0,0,,,1,caught,Abhishek Sharma,79,2,,,78,,,,,,,,,,,Sunrisers Hyderabad,Mumbai Indians,0,0,0,0,0,314,11,168,28.0,11.214285714285714,0,0,0
,,,,,2,8,1,Mohammad Nabi,MK Pandey,KH Pandya,1,0,1,,,0,,,80,2,,,77,,,,,,,,,,,Sunrisers Hyderabad,Mumbai Indians,0,0,0,0,0,315,11,169,28.166666666666668,11.18343195266272,0,0,0
,,,,,2,8,2,MK Pandey,Mohammad Nabi,KH Pandya,1,0,1,,,0,,,81,2,,,76,,,,,,,,,,,Sunrisers Hyderabad,Mumbai Indians,0,0,0,0,0,316,11,170,28.333333333333332,11.15294117647059,0,0,0
,,,,,2,8,3,Mohammad Nabi,MK Pandey,KH Pandya,1,0,1,,,0,,,82,2,,,75,,,,,,,,,,,Sunrisers Hyderabad,Mumbai Indians,0,0,0,0,0,317,11,171,28.5,11.12280701754386,0,0,0
,,,,,2,8,4,MK Pandey,Mohammad Nabi,KH Pandya,6,1,7,,,0,,,89,2,,,74,,,,,,,,,,,Sunrisers Hyderabad,Mumbai Indians,0,0,0,0,0,324,11,172,28.666666666666668,11.302325581395348,0,0,0
,,,,,2,8,5,MK Pandey,Mohammad Nabi,KH Pandya,4,0,4,,,0,,,93,2,,,73,,,,,,,,,,,Sunrisers Hyderabad,Mumbai Indians,0,0,0,0,0,328,11,173,28.833333333333332,11.375722543352602,0,0,0
,,,,,2,8,6,MK Pandey,Mohammad Nabi,KH Pandya,2,0,2,,,0,,,95,2,,,72,,,,,,,,,,,Sunrisers Hyderabad,Mumbai Indians,0,0,0,0,0,330,11,174,29.0,11.379310344827585,0,0,0
,,,,,2,8,7,MK Pandey,Mohammad Nabi,KH Pandya,0,0,0,,,0,,,95,2,,,71,,,,,,,,,,,Sunrisers Hyderabad,Mumbai Indians,0,0,0,0,0,330,11,175,29.166666666666668,11.314285714285713,0,0,0
,,,,,2,9,1,Mohammad Nabi,MK Pandey,PP Chawla,1,0,1,,,0,,,96,2,,,71,,,,,,,,,,,Sunrisers Hyderabad,Mumbai Indians,0,0,0,0,0,331,11,176,29.333333333333332,11.28409090909091,0,0,0
,,,,,2,9,2,MK Pandey,Mohammad Nabi,PP Chawla,1,0,1,,,0,,,97,2,,,70,,,,,,,,,,,Sunrisers Hyderabad,Mumbai Indians,0,0,0,0,0,332,11,177,29.5,11.254237288135593,0,0,0
,,,,,2,9,3,Mohammad Nabi,MK Pandey,PP Chawla,0,0,0,,,1,caught,Mohammad Nabi,97,3,,,69,,,,,,,,,,,Sunrisers Hyderabad,Mumbai Indians,0,0,0,0,0,332,12,178,29.666666666666668,11.191011235955056,0,0,0
,,,,,2,9,4,Abdul Samad,MK Pandey,PP Chawla,1,0,1,,,0,,,98,3,,,68,,,,,,,,,,,Sunrisers Hyderabad,Mumbai Indians,0,0,0,0,0,333,12,179,29.833333333333332,11.162011173184357,0,0,0
,,,,,2,9,5,MK Pandey,Abdul Samad,PP Chawla,1,0,1,,,0,,,99,3,,,67,,,,,,,,,,,Sunrisers Hyderabad,Mumbai Indians,0,0,0,0,0,334,12,180,30.0,11.133333333333333,0,0,0
,,,,,2,9,6,Abdul Samad,MK Pandey,PP Chawla,1,0,1,,,0,,,100,3,,,66,,,,,,,,,,,Sunrisers Hyderabad,Mumbai Indians,0,0,0,0,0,335,12,181,30.166666666666668,11.104972375690608,0,0,0
,,,,,2,10,1,Abdul Samad,MK Pandey,JDS Neesham,0,0,0,,,1,caught,Abdul Samad,100,4,,,65,,,,,,,,,,,Sunrisers Hyderabad,Mumbai Indians,0,0,0,0,0,335,13,182,30.333333333333332,11.043956043956044,0,0,0
,,,,,2,10,2,PK Garg,MK Pandey,JDS Neesham,0,1,1,,,0,,,101,4,,,64,,,,,,,,,,,Sunrisers Hyderabad,Mumbai Indians,0,0,0,0,0,336,13,183,30.5,11.01639344262295,0,0,0
,,,,,2,10,3,MK Pandey,PK Garg,JDS Neesham,1,0,1,,,0,,,102,4,,,63,,,,,,,,,,,Sunrisers Hyderabad,Mumbai Indians,0,0,0,0,0,337,13,184,30.666666666666668,10.989130434782608,0,0,0
,,,,,2,10,4,PK Garg,MK Pandey,JDS Neesham,1,0,1,,,0,,,103,4,,,62,,,,,,,,,,,Sunrisers Hyderabad,Mumbai Indians,0,0,0,0,0,338,13,185,30.833333333333332,10.962162162162162,0,0,0
,,,,,2,10,5,MK Pandey,PK Garg,JDS Neesham,1,0,1,,,0,,,104,4,,,61,,,,,,,,,,,Sunrisers Hyderabad,Mumbai Indians,0,0,0,0,0,339,13,186,31.0,10.935483870967742,0,0,0
,,,,,2,10,6,PK Garg,MK Pandey,JDS Neesham,1,0,1,,,0,,,105,4,,,60,,,,,,,,,,,Sunrisers Hyderabad,Mumbai Indians,0,0,0,0,0,340,13,187,31.166666666666668,10.909090909090908,0,0,0
